Program Version:,EnergyPlus, Version 24.1.0-9d7789a3ac, YMD=2024.07.16 16:49
Tabular Output Report in Format: ,Comma

Building:,SF
Environment:,DETACHED HOUSE ANNUAL ** DEBRECEN - HUN IWEC Data WMO#=128820

----------------------------------------------------------------------------------------------------
REPORT:,Annual Building Utility Performance Summary
FOR:,Entire Facility
Values gathered over      8760.00 hours

Site and Source Energy

,,Total Energy [kWh],Energy Per Total Building Area [kWh/m2],Energy Per Conditioned Building Area [kWh/m2]
,Total Site Energy,17595.58,222.17,222.17
,Net Site Energy,17595.58,222.17,222.17
,Total Source Energy,37889.00,478.40,478.40
,Net Source Energy,37889.00,478.40,478.40


Site to Source Energy Conversion Factors

,,Site=>Source Conversion Factor
,Electricity,3.167
,Natural Gas,1.084
,District Cooling,1.056
,District Heating Water,3.613
,District Heating Steam,1.200
,Gasoline,1.050
,Diesel,1.050
,Coal,1.050
,Fuel Oil No 1,1.050
,Fuel Oil No 2,1.050
,Propane,1.050
,Other Fuel 1,1.000
,Other Fuel 2,1.000


Building Area

,,Area [m2]
,Total Building Area,79.20
,Net Conditioned Building Area,79.20
,Unconditioned Building Area,0.00


End Uses

,,Electricity [kWh],Natural Gas [kWh],Gasoline [kWh],Diesel [kWh],Coal [kWh],Fuel Oil No 1 [kWh],Fuel Oil No 2 [kWh],Propane [kWh],Other Fuel 1 [kWh],Other Fuel 2 [kWh],District Cooling [kWh],District Heating Water [kWh],District Heating Steam [kWh],Water [m3]
,Heating,0.00,5333.51,0.00,0.00,0.00,0.00,0.00,0.00,0.00,0.00,0.00,0.00,0.00,0.00
,Cooling,0.00,0.00,0.00,0.00,0.00,0.00,0.00,0.00,0.00,0.00,0.00,0.00,0.00,0.00
,Interior Lighting,3387.66,0.00,0.00,0.00,0.00,0.00,0.00,0.00,0.00,0.00,0.00,0.00,0.00,0.00
,Exterior Lighting,0.00,0.00,0.00,0.00,0.00,0.00,0.00,0.00,0.00,0.00,0.00,0.00,0.00,0.00
,Interior Equipment,5130.06,3229.24,0.00,0.00,0.00,0.00,0.00,0.00,0.00,0.00,0.00,0.00,0.00,0.00
,Exterior Equipment,0.00,0.00,0.00,0.00,0.00,0.00,0.00,0.00,0.00,0.00,0.00,0.00,0.00,0.00
,Fans,8.75,0.00,0.00,0.00,0.00,0.00,0.00,0.00,0.00,0.00,0.00,0.00,0.00,0.00
,Pumps,110.94,0.00,0.00,0.00,0.00,0.00,0.00,0.00,0.00,0.00,0.00,0.00,0.00,0.00
,Heat Rejection,0.00,0.00,0.00,0.00,0.00,0.00,0.00,0.00,0.00,0.00,0.00,0.00,0.00,0.00
,Humidification,0.00,0.00,0.00,0.00,0.00,0.00,0.00,0.00,0.00,0.00,0.00,0.00,0.00,0.00
,Heat Recovery,0.00,0.00,0.00,0.00,0.00,0.00,0.00,0.00,0.00,0.00,0.00,0.00,0.00,0.00
,Water Systems,395.43,0.00,0.00,0.00,0.00,0.00,0.00,0.00,0.00,0.00,0.00,0.00,0.00,99.28
,Refrigeration,0.00,0.00,0.00,0.00,0.00,0.00,0.00,0.00,0.00,0.00,0.00,0.00,0.00,0.00
,Generators,0.00,0.00,0.00,0.00,0.00,0.00,0.00,0.00,0.00,0.00,0.00,0.00,0.00,0.00
,,,,,,,,,,,,,,,
,Total End Uses,9032.83,8562.75,0.00,0.00,0.00,0.00,0.00,0.00,0.00,0.00,0.00,0.00,0.00,99.28
Note: Natural gas appears to be the principal heating source based on energy usage.


End Uses By Subcategory

,,Subcategory,Electricity [kWh],Natural Gas [kWh],Gasoline [kWh],Diesel [kWh],Coal [kWh],Fuel Oil No 1 [kWh],Fuel Oil No 2 [kWh],Propane [kWh],Other Fuel 1 [kWh],Other Fuel 2 [kWh],District Cooling [kWh],District Heating Water [kWh],District Heating Steam [kWh],Water [m3]
,Heating,General,0.00,5333.51,0.00,0.00,0.00,0.00,0.00,0.00,0.00,0.00,0.00,0.00,0.00,0.00
,,Boiler Parasitic,0.00,0.00,0.00,0.00,0.00,0.00,0.00,0.00,0.00,0.00,0.00,0.00,0.00,0.00
,Cooling,General,0.00,0.00,0.00,0.00,0.00,0.00,0.00,0.00,0.00,0.00,0.00,0.00,0.00,0.00
,Interior Lighting,ELECTRIC EQUIPMENT#189#GeneralLights,3387.66,0.00,0.00,0.00,0.00,0.00,0.00,0.00,0.00,0.00,0.00,0.00,0.00,0.00
,Exterior Lighting,General,0.00,0.00,0.00,0.00,0.00,0.00,0.00,0.00,0.00,0.00,0.00,0.00,0.00,0.00
,Interior Equipment,dishwasher,206.06,0.00,0.00,0.00,0.00,0.00,0.00,0.00,0.00,0.00,0.00,0.00,0.00,0.00
,,refrigerator,668.67,0.00,0.00,0.00,0.00,0.00,0.00,0.00,0.00,0.00,0.00,0.00,0.00,0.00
,,clotheswasher,105.39,0.00,0.00,0.00,0.00,0.00,0.00,0.00,0.00,0.00,0.00,0.00,0.00,0.00
,,gas_dryer,76.12,1550.69,0.00,0.00,0.00,0.00,0.00,0.00,0.00,0.00,0.00,0.00,0.00,0.00
,,gas_range,0.00,1316.83,0.00,0.00,0.00,0.00,0.00,0.00,0.00,0.00,0.00,0.00,0.00,0.00
,,television,0.00,0.00,0.00,0.00,0.00,0.00,0.00,0.00,0.00,0.00,0.00,0.00,0.00,0.00
,,gas_mels,3001.13,361.72,0.00,0.00,0.00,0.00,0.00,0.00,0.00,0.00,0.00,0.00,0.00,0.00
,,IECC_adj,1072.69,0.00,0.00,0.00,0.00,0.00,0.00,0.00,0.00,0.00,0.00,0.00,0.00,0.00
,Exterior Equipment,General,0.00,0.00,0.00,0.00,0.00,0.00,0.00,0.00,0.00,0.00,0.00,0.00,0.00,0.00
,Fans,General,8.75,0.00,0.00,0.00,0.00,0.00,0.00,0.00,0.00,0.00,0.00,0.00,0.00,0.00
,Pumps,General,110.94,0.00,0.00,0.00,0.00,0.00,0.00,0.00,0.00,0.00,0.00,0.00,0.00,0.00
,Heat Rejection,General,0.00,0.00,0.00,0.00,0.00,0.00,0.00,0.00,0.00,0.00,0.00,0.00,0.00,0.00
,Humidification,General,0.00,0.00,0.00,0.00,0.00,0.00,0.00,0.00,0.00,0.00,0.00,0.00,0.00,0.00
,Heat Recovery,General,0.00,0.00,0.00,0.00,0.00,0.00,0.00,0.00,0.00,0.00,0.00,0.00,0.00,0.00
,Water Systems,General,307.83,0.00,0.00,0.00,0.00,0.00,0.00,0.00,0.00,0.00,0.00,0.00,0.00,0.00
,,Domestic Hot Water,0.00,0.00,0.00,0.00,0.00,0.00,0.00,0.00,0.00,0.00,0.00,0.00,0.00,99.28
,,Water Heater,87.60,0.00,0.00,0.00,0.00,0.00,0.00,0.00,0.00,0.00,0.00,0.00,0.00,0.00
,,Water Heater Parasitic,0.00,0.00,0.00,0.00,0.00,0.00,0.00,0.00,0.00,0.00,0.00,0.00,0.00,0.00
,Refrigeration,General,0.00,0.00,0.00,0.00,0.00,0.00,0.00,0.00,0.00,0.00,0.00,0.00,0.00,0.00
,Generators,General,0.00,0.00,0.00,0.00,0.00,0.00,0.00,0.00,0.00,0.00,0.00,0.00,0.00,0.00


End Uses By Space Type

,,Space Type,Electricity [kWh],Natural Gas [kWh],Gasoline [kWh],Diesel [kWh],Coal [kWh],Fuel Oil No 1 [kWh],Fuel Oil No 2 [kWh],Propane [kWh],Other Fuel 1 [kWh],Other Fuel 2 [kWh],District Cooling [kWh],District Heating Water [kWh],District Heating Steam [kWh],Water [m3]
,Heating,Unassigned,0.00,5333.51,0.00,0.00,0.00,0.00,0.00,0.00,0.00,0.00,0.00,0.00,0.00,0.00
,Cooling,Unassigned,0.00,0.00,0.00,0.00,0.00,0.00,0.00,0.00,0.00,0.00,0.00,0.00,0.00,0.00
,Interior Lighting,GENERAL,3387.66,0.00,0.00,0.00,0.00,0.00,0.00,0.00,0.00,0.00,0.00,0.00,0.00,0.00
,Exterior Lighting,Unassigned,0.00,0.00,0.00,0.00,0.00,0.00,0.00,0.00,0.00,0.00,0.00,0.00,0.00,0.00
,Interior Equipment,GENERAL,5130.06,3229.24,0.00,0.00,0.00,0.00,0.00,0.00,0.00,0.00,0.00,0.00,0.00,0.00
,Exterior Equipment,Unassigned,0.00,0.00,0.00,0.00,0.00,0.00,0.00,0.00,0.00,0.00,0.00,0.00,0.00,0.00
,Fans,Unassigned,8.75,0.00,0.00,0.00,0.00,0.00,0.00,0.00,0.00,0.00,0.00,0.00,0.00,0.00
,Pumps,Unassigned,110.94,0.00,0.00,0.00,0.00,0.00,0.00,0.00,0.00,0.00,0.00,0.00,0.00,0.00
,Heat Rejection,Unassigned,0.00,0.00,0.00,0.00,0.00,0.00,0.00,0.00,0.00,0.00,0.00,0.00,0.00,0.00
,Humidification,Unassigned,0.00,0.00,0.00,0.00,0.00,0.00,0.00,0.00,0.00,0.00,0.00,0.00,0.00,0.00
,Heat Recovery,Unassigned,0.00,0.00,0.00,0.00,0.00,0.00,0.00,0.00,0.00,0.00,0.00,0.00,0.00,0.00
,Water Systems,Unassigned,395.43,0.00,0.00,0.00,0.00,0.00,0.00,0.00,0.00,0.00,0.00,0.00,0.00,99.28
,Refrigeration,Unassigned,0.00,0.00,0.00,0.00,0.00,0.00,0.00,0.00,0.00,0.00,0.00,0.00,0.00,0.00
,Generators,Unassigned,0.00,0.00,0.00,0.00,0.00,0.00,0.00,0.00,0.00,0.00,0.00,0.00,0.00,0.00


Normalized Metrics
Utility Use Per Conditioned Floor Area

,,Electricity Intensity [kWh/m2],Natural Gas Intensity [kWh/m2],Gasoline Intensity [kWh/m2],Diesel Intensity [kWh/m2],Coal Intensity [kWh/m2],Fuel Oil No 1 Intensity [kWh/m2],Fuel Oil No 2 Intensity [kWh/m2],Propane Intensity [kWh/m2],Other Fuel 1 Intensity [kWh/m2],Other Fuel 2 Intensity [kWh/m2],District Cooling Intensity [kWh/m2],District Heating Water Intensity [kWh/m2],District Heating Steam Intensity [kWh/m2],Water Intensity [m3/m2]
,Lighting,42.77,0.00,0.00,0.00,0.00,0.00,0.00,0.00,0.00,0.00,0.00,0.00,0.00,0.00
,HVAC,6.50,67.34,0.00,0.00,0.00,0.00,0.00,0.00,0.00,0.00,0.00,0.00,0.00,1.25
,Other,64.77,40.77,0.00,0.00,0.00,0.00,0.00,0.00,0.00,0.00,0.00,0.00,0.00,0.00
,Total,114.05,108.12,0.00,0.00,0.00,0.00,0.00,0.00,0.00,0.00,0.00,0.00,0.00,1.25


Utility Use Per Total Floor Area

,,Electricity Intensity [kWh/m2],Natural Gas Intensity [kWh/m2],Gasoline Intensity [kWh/m2],Diesel Intensity [kWh/m2],Coal Intensity [kWh/m2],Fuel Oil No 1 Intensity [kWh/m2],Fuel Oil No 2 Intensity [kWh/m2],Propane Intensity [kWh/m2],Other Fuel 1 Intensity [kWh/m2],Other Fuel 2 Intensity [kWh/m2],District Cooling Intensity [kWh/m2],District Heating Water Intensity [kWh/m2],District Heating Steam Intensity [kWh/m2],Water Intensity [m3/m2]
,Lighting,42.77,0.00,0.00,0.00,0.00,0.00,0.00,0.00,0.00,0.00,0.00,0.00,0.00,
,HVAC,6.50,67.34,0.00,0.00,0.00,0.00,0.00,0.00,0.00,0.00,0.00,0.00,0.00,
,Other,64.77,40.77,0.00,0.00,0.00,0.00,0.00,0.00,0.00,0.00,0.00,0.00,0.00,
,Total,114.05,108.12,0.00,0.00,0.00,0.00,0.00,0.00,0.00,0.00,0.00,0.00,0.00,


Electric Loads Satisfied

,,Electricity [kWh],Percent Electricity [%]
,Fuel-Fired Power Generation,0.000,0.00
,High Temperature Geothermal*,0.000,0.00
,Photovoltaic Power,0.000,0.00
,Wind Power,0.000,0.00
,Power Conversion,0.000,0.00
,Net Decrease in On-Site Storage,0.000,0.00
,Total On-Site Electric Sources,0.000,0.00
,,,
,Electricity Coming From Utility,9032.832,100.00
,Surplus Electricity Going To Utility,0.000,0.00
,Net Electricity From Utility,9032.832,100.00
,,,
,Total On-Site and Utility Electric Sources,9032.832,100.00
,Total Electricity End Uses,9032.832,100.00


On-Site Thermal Sources

,,Heat [kWh],Percent Heat [%]
,Water-Side Heat Recovery,0.00,
,Air to Air Heat Recovery for Cooling,0.00,
,Air to Air Heat Recovery for Heating,0.00,
,High-Temperature Geothermal*,0.00,
,Solar Water Thermal,0.00,
,Solar Air Thermal,0.00,
,Total On-Site Thermal Sources,0.00,


Water Source Summary

,,Water [m3],Percent Water [%]
,Rainwater Collection,0.00,0.00
,Condensate Collection,0.00,0.00
,Groundwater Well,0.00,0.00
,Total On Site Water Sources,0.00,0.00
,-,-,-
,Initial Storage,0.00,0.00
,Final Storage,0.00,0.00
,Change in Storage,0.00,0.00
,-,-,-
,Water Supplied by Utility,99.28,100.00
,-,-,-
,Total On Site, Change in Storage, and Utility Water Sources,99.28,100.00
,Total Water End Uses,99.28,100.00


Setpoint Not Met Criteria

,,Degrees [deltaC]
,Tolerance for Zone Heating Setpoint Not Met Time,1.11
,Tolerance for Zone Cooling Setpoint Not Met Time,1.11


Comfort and Setpoint Not Met Summary

,,Facility [Hours]
,Time Setpoint Not Met During Occupied Heating,3.75
,Time Setpoint Not Met During Occupied Cooling,0.00
,Time Not Comfortable Based on Simple ASHRAE 55-2004,6975.25


Note 1: An asterisk (*) indicates that the feature is not yet implemented.
----------------------------------------------------------------------------------------------------
REPORT:,Input Verification and Results Summary
FOR:,Entire Facility
General

,,Value
,Program Version and Build,EnergyPlus, Version 24.1.0-9d7789a3ac, YMD=2024.07.16 16:49
,RunPeriod,DETACHED HOUSE ANNUAL
,Weather File,DEBRECEN - HUN IWEC Data WMO#=128820
,Latitude [deg],47.48
,Longitude [deg],21.63
,Elevation [m],112.00
,Time Zone,1.00
,North Axis Angle [deg],0.00
,Rotation for Appendix G [deg],0.00
,Hours Simulated [hrs],8760.00


ENVELOPE
Window-Wall Ratio

,,Total,North (315 to 45 deg),East (45 to 135 deg),South (135 to 225 deg),West (225 to 315 deg)
,Gross Wall Area [m2],108.72,30.25,24.11,30.25,24.11
,Above Ground Wall Area [m2],108.72,30.25,24.11,30.25,24.11
,Window Opening Area [m2],13.70,3.81,3.04,3.81,3.04
,Gross Window-Wall Ratio [%],12.60,12.60,12.60,12.60,12.60
,Above Ground Window-Wall Ratio [%],12.60,12.60,12.60,12.60,12.60


Conditioned Window-Wall Ratio

,,Total,North (315 to 45 deg),East (45 to 135 deg),South (135 to 225 deg),West (225 to 315 deg)
,Gross Wall Area [m2],100.10,30.25,19.80,30.25,19.80
,Above Ground Wall Area [m2],100.10,30.25,19.80,30.25,19.80
,Window Opening Area [m2],13.70,3.81,3.04,3.81,3.04
,Gross Window-Wall Ratio [%],13.68,12.60,15.34,12.60,15.34
,Above Ground Window-Wall Ratio [%],13.68,12.60,15.34,12.60,15.34


Skylight-Roof Ratio

,,Total
,Gross Roof Area [m2],83.47
,Skylight Area [m2],0.00
,Skylight-Roof Ratio [%],0.00


PERFORMANCE
Zone Summary

,,Area [m2],Conditioned (Y/N),Part of Total Floor Area (Y/N),Volume [m3],Multipliers,Above Ground Gross Wall Area [m2],Underground Gross Wall Area [m2],Window Glass Area [m2],Opening Area [m2],Lighting [W/m2],People [m2 per person],Plug and Process [W/m2]
,ATTIC,79.20,No,No,47.42,1.00,8.62,0.00,0.00,0.00,0.0000,,0.0000
,LIVING_UNIT,79.20,Yes,Yes,217.80,1.00,100.10,0.00,13.70,13.70,15.0000,50.00,36.9029
,Total,79.20,,,217.80,,100.10,0.00,13.70,13.70,15.0000,50.00,36.9029
,Conditioned Total,79.20,,,217.80,,100.10,0.00,13.70,13.70,15.0000,50.00,36.9029
,Unconditioned Total,0.00,,,0.00,,0.00,0.00,0.00,0.00,,,
,Not Part of Total,79.20,,,47.42,,8.62,0.00,0.00,0.00,0.0000,,0.0000


Space Summary

,,Area [m2],Conditioned (Y/N),Part of Total Floor Area (Y/N),Multipliers,Zone Name,Space Type,Radiant/Solar Enclosure Name,Lighting [W/m2],People [m2 per person],Plug and Process [W/m2],Tags
,ATTIC SPACE,79.20,No,No,1.00,ATTIC,GENERAL,ATTIC SPACE,0.0000,0.00,0.0000,
,LIVING SPACE,79.20,Yes,Yes,1.00,LIVING_UNIT,GENERAL,LIVING SPACE,15.0000,50.00,36.9029,
,Total,79.20,,,,,,,15.0000,50.00,36.9029,
,Conditioned Total,79.20,,,,,,,15.0000,50.00,36.9029,
,Unconditioned Total,0.00,,,,,,,0.0000,0.00,0.0000,
,Not Part of Total,79.20,,,,,,,0.0000,0.00,0.0000,


Space Type Summary

,,Total Area [m2],Conditioned Area [m2],Unconditioned Area [m2],Not Part of Total Area [m2],Lighting [W/m2],People [m2 per person],Plug and Process [W/m2]
,GENERAL,79.20,79.20,0.00,79.20,15.0000,50.00,36.9029
,Total,79.20,79.20,0.00,79.20,,,


----------------------------------------------------------------------------------------------------
REPORT:,Demand End Use Components Summary
FOR:,Entire Facility
End Uses

,,Electricity [W],Natural Gas [W],Gasoline [W],Diesel [W],Coal [W],Fuel Oil No 1 [W],Fuel Oil No 2 [W],Propane [W],Other Fuel 1 [W],Other Fuel 2 [W],District Cooling [W],District Heating Water [W],District Heating Steam [W],Water [m3/s]
,Time of Peak,04-FEB-20:45,01-JAN-09:30,-,-,-,-,-,-,-,-,-,-,-,01-JAN-08:30
,Heating,0.00,4966.77,0.00,0.00,0.00,0.00,0.00,0.00,0.00,0.00,0.00,0.00,0.00,0.00
,Cooling,0.00,0.00,0.00,0.00,0.00,0.00,0.00,0.00,0.00,0.00,0.00,0.00,0.00,0.00
,Interior Lighting,1188.00,0.00,0.00,0.00,0.00,0.00,0.00,0.00,0.00,0.00,0.00,0.00,0.00,0.00
,Exterior Lighting,0.00,0.00,0.00,0.00,0.00,0.00,0.00,0.00,0.00,0.00,0.00,0.00,0.00,0.00
,Interior Equipment,856.44,537.03,0.00,0.00,0.00,0.00,0.00,0.00,0.00,0.00,0.00,0.00,0.00,0.00
,Exterior Equipment,0.00,0.00,0.00,0.00,0.00,0.00,0.00,0.00,0.00,0.00,0.00,0.00,0.00,0.00
,Fans,38.36,0.00,0.00,0.00,0.00,0.00,0.00,0.00,0.00,0.00,0.00,0.00,0.00,0.00
,Pumps,36.04,0.00,0.00,0.00,0.00,0.00,0.00,0.00,0.00,0.00,0.00,0.00,0.00,0.00
,Heat Rejection,0.00,0.00,0.00,0.00,0.00,0.00,0.00,0.00,0.00,0.00,0.00,0.00,0.00,0.00
,Humidification,0.00,0.00,0.00,0.00,0.00,0.00,0.00,0.00,0.00,0.00,0.00,0.00,0.00,0.00
,Heat Recovery,0.00,0.00,0.00,0.00,0.00,0.00,0.00,0.00,0.00,0.00,0.00,0.00,0.00,0.00
,Water Systems,1358.85,0.00,0.00,0.00,0.00,0.00,0.00,0.00,0.00,0.00,0.00,0.00,0.00,0.00
,Refrigeration,0.00,0.00,0.00,0.00,0.00,0.00,0.00,0.00,0.00,0.00,0.00,0.00,0.00,0.00
,Generators,0.00,0.00,0.00,0.00,0.00,0.00,0.00,0.00,0.00,0.00,0.00,0.00,0.00,0.00
,,,,,,,,,,,,,,,
,Total End Uses,3477.69,5503.80,0.00,0.00,0.00,0.00,0.00,0.00,0.00,0.00,0.00,0.00,0.00,0.00


End Uses By Subcategory

,,Subcategory,Electricity [W],Natural Gas [W],Gasoline [W],Diesel [W],Coal [W],Fuel Oil No 1 [W],Fuel Oil No 2 [W],Propane [W],Other Fuel 1 [W],Other Fuel 2 [W],District Cooling [W],District Heating Water [W],District Heating Steam [W],Water [m3/s]
,Heating,General,0.00,4966.77,0.00,0.00,0.00,0.00,0.00,0.00,0.00,0.00,0.00,0.00,0.00,0.00
,,Boiler Parasitic,0.00,0.00,0.00,0.00,0.00,0.00,0.00,0.00,0.00,0.00,0.00,0.00,0.00,0.00
,Cooling,General,0.00,0.00,0.00,0.00,0.00,0.00,0.00,0.00,0.00,0.00,0.00,0.00,0.00,0.00
,Interior Lighting,ELECTRIC EQUIPMENT#189#GeneralLights,1188.00,0.00,0.00,0.00,0.00,0.00,0.00,0.00,0.00,0.00,0.00,0.00,0.00,0.00
,Exterior Lighting,General,0.00,0.00,0.00,0.00,0.00,0.00,0.00,0.00,0.00,0.00,0.00,0.00,0.00,0.00
,Interior Equipment,dishwasher,53.57,0.00,0.00,0.00,0.00,0.00,0.00,0.00,0.00,0.00,0.00,0.00,0.00,0.00
,,refrigerator,85.85,0.00,0.00,0.00,0.00,0.00,0.00,0.00,0.00,0.00,0.00,0.00,0.00,0.00
,,clotheswasher,16.09,0.00,0.00,0.00,0.00,0.00,0.00,0.00,0.00,0.00,0.00,0.00,0.00,0.00
,,gas_dryer,12.50,331.90,0.00,0.00,0.00,0.00,0.00,0.00,0.00,0.00,0.00,0.00,0.00,0.00
,,gas_range,0.00,173.52,0.00,0.00,0.00,0.00,0.00,0.00,0.00,0.00,0.00,0.00,0.00,0.00
,,television,0.00,0.00,0.00,0.00,0.00,0.00,0.00,0.00,0.00,0.00,0.00,0.00,0.00,0.00
,,gas_mels,507.15,31.60,0.00,0.00,0.00,0.00,0.00,0.00,0.00,0.00,0.00,0.00,0.00,0.00
,,IECC_adj,181.27,0.00,0.00,0.00,0.00,0.00,0.00,0.00,0.00,0.00,0.00,0.00,0.00,0.00
,Exterior Equipment,General,0.00,0.00,0.00,0.00,0.00,0.00,0.00,0.00,0.00,0.00,0.00,0.00,0.00,0.00
,Fans,General,38.36,0.00,0.00,0.00,0.00,0.00,0.00,0.00,0.00,0.00,0.00,0.00,0.00,0.00
,Pumps,General,36.04,0.00,0.00,0.00,0.00,0.00,0.00,0.00,0.00,0.00,0.00,0.00,0.00,0.00
,Heat Rejection,General,0.00,0.00,0.00,0.00,0.00,0.00,0.00,0.00,0.00,0.00,0.00,0.00,0.00,0.00
,Humidification,General,0.00,0.00,0.00,0.00,0.00,0.00,0.00,0.00,0.00,0.00,0.00,0.00,0.00,0.00
,Heat Recovery,General,0.00,0.00,0.00,0.00,0.00,0.00,0.00,0.00,0.00,0.00,0.00,0.00,0.00,0.00
,Water Systems,General,1348.85,0.00,0.00,0.00,0.00,0.00,0.00,0.00,0.00,0.00,0.00,0.00,0.00,0.00
,,Domestic Hot Water,0.00,0.00,0.00,0.00,0.00,0.00,0.00,0.00,0.00,0.00,0.00,0.00,0.00,0.00
,,Water Heater,10.00,0.00,0.00,0.00,0.00,0.00,0.00,0.00,0.00,0.00,0.00,0.00,0.00,0.00
,,Water Heater Parasitic,0.00,0.00,0.00,0.00,0.00,0.00,0.00,0.00,0.00,0.00,0.00,0.00,0.00,0.00
,Refrigeration,General,0.00,0.00,0.00,0.00,0.00,0.00,0.00,0.00,0.00,0.00,0.00,0.00,0.00,0.00
,Generators,General,0.00,0.00,0.00,0.00,0.00,0.00,0.00,0.00,0.00,0.00,0.00,0.00,0.00,0.00


----------------------------------------------------------------------------------------------------
REPORT:,Component Sizing Summary
FOR:,Entire Facility
ZoneHVAC:Baseboard:RadiantConvective:Water

,,Design Size Maximum Water Flow Rate [m3/s],U-Factor times Area [W/C]
,ZONE HVAC BASEBOARD RAD CONV WATER,0.000141,124.29
User-Specified values were used. Design Size values were used if no User-Specified values were provided.


Fan:SystemModel

,,User-Specified Design Maximum Air Flow Rate [m3/s],Design Electric Power Consumption [W]
,HPWHSCHEDULEDFAN,0.268500,38.36
User-Specified values were used. Design Size values were used if no User-Specified values were provided.


PlantLoop

,,Maximum Loop Flow Rate [m3/s],Plant Loop Volume [m3],Design Supply Temperature [C],Design Return Temperature [C],Sizing option (Coincident/NonCoincident)
,HOT WATER LOOP,0.000141,0.016930,82.00,71.00,1.00
,DHW LOOP_UNIT1,0.000494,0.059257,48.89,43.33,1.00
User-Specified values were used. Design Size values were used if no User-Specified values were provided.


Pump:VariableSpeed

,,Design Flow Rate [m3/s],Design Power Consumption [W]
,PUMP VARIABLE SPEED 1,0.000141,36.04
,MAINS PRESSURE_UNIT1,0.000494,
User-Specified values were used. Design Size values were used if no User-Specified values were provided.


Boiler:HotWater

,,Design Size Nominal Capacity [W],Design Size Design Water Flow Rate [m3/s]
,BOILER HOT WATER 1,6385.51,0.000141
User-Specified values were used. Design Size values were used if no User-Specified values were provided.


----------------------------------------------------------------------------------------------------
REPORT:,Adaptive Comfort Summary
FOR:,Entire Facility
Time Not Meeting the Adaptive Comfort Models during Occupied Hours

,,ASHRAE55 90% Acceptability Limits [Hours],ASHRAE55 80% Acceptability Limits  [Hours],CEN15251 Category I Acceptability Limits [Hours],CEN15251 Category II Acceptability Limits [Hours],CEN15251 Category III Acceptability Limits [Hours]


----------------------------------------------------------------------------------------------------
REPORT:,Climatic Data Summary
FOR:,Entire Facility
SizingPeriod:DesignDay

,,Maximum Dry Bulb [C],Daily Temperature Range [deltaC],Humidity Value,Humidity Type,Wind Speed [m/s],Wind Direction
,DEBRECEN ANN CLG .4% CONDNS DB=>MWB,31.70,11.10,21.30,Wetbulb [C],2.80,180.00
,DEBRECEN ANN HTG 99.6% CONDNS DB,-13.80,0.00,-13.80,Wetbulb [C],1.90,50.00


Monthly Precipitation Summary

,,Monthly Total Precipitation from .epw [mm],Monthly Total Hours of Rain from .epw,Monthly Total Precipitation in Site:Precipitation [mm],Monthly Total Roof Irrigation Depth [mm],Monthly Total Rain Collection Volume [m3]
,Jan,174.00,122,,,
,Feb,24.00,24,,,
,Mar,50.00,50,,,
,Apr,38.00,38,,,
,May,72.00,72,,,
,Jun,30.00,30,,,
,Jul,28.00,28,,,
,Aug,44.00,44,,,
,Sep,50.00,50,,,
,Oct,117.25,82,,,
,Nov,76.75,76,,,
,Dec,52.00,52,,,


Weather Statistics File

,,Value
,Reference,HUN_Debrecen.128820_IWEC
,Site:Location,DEBRECEN - HUN
,Latitude,{N 47° 28'}
,Longitude,{E  21° 37'}
,Time Zone,{GMT +1.0 Hours}
,Elevation (m) above sea level,112
,Standard Pressure at Elevation,99987Pa
,Data Source,IWEC Data
,WMO Station,128820
,Weather File Design Conditions,Climate Design Data 2009 ASHRAE Handbook
,Heating Design Temperature 99.6% (C),-13.8Â°
,Heating Design Temperature 99% (C),-10.9Â°
,Cooling Design Temperature 0.4% (C),31.7Â°
,Cooling Design Temperature 1% (C),30Â°
,Cooling Design Temperature 2% (C),28.4Â°
,Maximum Dry Bulb Temperature (C),32.7Â°
,Maximum Dry Bulb Occurs on,Jul  9
,Minimum Dry Bulb Temperature (C),-21.5Â°
,Minimum Dry Bulb Occurs on,Feb  1
,Maximum Dew Point Temperature (C),21.7Â°
,Maximum Dew Point Occurs on,Jul 11
,Minimum Dew Point Temperature (C),-22.5Â°
,Minimum Dew Point Occurs on,Feb  1
,ASHRAE Handbook 2009  Cooling Degree-Days (base 10Â°C),1486
,Weather File Cooling Degree-Days (base 10Â°C),1384
,ASHRAE Handbook 2009 Heating Degree-Days (base 18.3Â°C),3196
,Weather File Heating Degree-Days (base 18Â°C),3129
,KÃ¶ppen Classification,Dfb
,KÃ¶ppen Description,Moist continental (warm summer, cold winter, no dry season, lat. 30-60°N)
,KÃ¶ppen Recommendation,
,ASHRAE Climate Zone,5A
,ASHRAE Description,Cool-Humid


----------------------------------------------------------------------------------------------------
REPORT:,Envelope Summary
FOR:,Entire Facility
Opaque Exterior

,,Construction,Reflectance,U-Factor with Film [W/m2-K],U-Factor no Film [W/m2-K],Gross Area [m2],Net Area [m2],Azimuth [deg],Tilt [deg],Cardinal Direction
,241_WALL_0_0_0,EXT-WALL-BASE,0.30,1.229,1.507,4.31,4.31,270.00,90.00,W
,241_WALL_4_0_0,EXT-WALL-BASE,0.30,1.229,1.507,4.31,4.31,90.00,90.00,E
,241_ROOF_1_0_0,ROOF-CONST,0.30,0.967,1.116,41.73,41.73,180.00,18.40,
,241_ROOF_3_0_0,ROOF-CONST,0.30,0.967,1.116,41.73,41.73,0.00,18.40,
,189_WALL_2_0_0,EXT-WALL-BASE,0.30,1.229,1.507,19.80,16.76,90.00,90.00,E
,189_WALL_3_0_0,EXT-WALL-BASE,0.30,1.229,1.507,30.25,24.25,0.00,90.00,N
,189_WALL_4_0_0,EXT-WALL-BASE,0.30,1.229,1.507,19.80,16.76,270.00,90.00,W
,189_WALL_5_0_0,EXT-WALL-BASE,0.30,1.229,1.507,30.25,24.51,180.00,90.00,S
,189_GROUNDFLOOR_0_0_0,SLAB-ON-FLOOR-CONST,0.40,0.356,0.378,79.20,79.20,0.00,180.00,


Opaque Interior

,,Construction,Reflectance,U-Factor with Film [W/m2-K],U-Factor no Film [W/m2-K],Gross Area [m2],Net Area [m2],Azimuth [deg],Tilt [deg],Cardinal Direction
,241_FLOOR_2_0_10000,FLOOR-CONST,0.50,0.242,0.259,79.20,79.20,0.00,180.00,
,189_CEILING_1_0_0,CEILING-CONST,0.22,0.242,0.259,79.20,79.20,0.00,0.00,


Exterior Fenestration

,,Construction,Frame and Divider,Glass Area [m2],Frame Area [m2],Divider Area [m2],Area of One Opening [m2],Area of Multiplied Openings [m2],Glass U-Factor [W/m2-K],Glass SHGC,Glass Visible Transmittance,Frame Conductance [W/m2-K],Divider Conductance [W/m2-K],NFRC Product Type,Assembly U-Factor [W/m2-K],Assembly SHGC,Assembly Visible Transmittance,Shade Control,Parent Surface,Azimuth [deg],Tilt [deg],Cardinal Direction
,189_WALL_2_0_0_0_0_0_WIN,GLAZING-BASE,,3.04,0.00,0.00,3.04,3.04,2.894,0.782,0.702,,,,,,,No,189_WALL_2_0_0,90.00,90.00,E
,189_WALL_3_0_0_0_0_1_WIN,GLAZING-BASE,,3.81,0.00,0.00,3.81,3.81,2.894,0.782,0.702,,,,,,,No,189_WALL_3_0_0,0.00,90.00,N
,189_WALL_4_0_0_0_0_0_WIN,GLAZING-BASE,,3.04,0.00,0.00,3.04,3.04,2.894,0.782,0.702,,,,,,,No,189_WALL_4_0_0,270.00,90.00,W
,189_WALL_5_0_0_0_0_1_WIN,GLAZING-BASE,,3.81,0.00,0.00,3.81,3.81,2.894,0.782,0.702,,,,,,,No,189_WALL_5_0_0,180.00,90.00,S
,Total or Average,,,,,,,13.70,2.894,0.782,0.702,,,,,,,,,,,
,North Total or Average,,,,,,,3.81,2.894,0.782,0.702,,,,,,,,,,,
,Non-North Total or Average,,,,,,,9.89,2.894,0.782,0.702,,,,,,,,,,,


Exterior Fenestration Shaded State

,,Frame and Divider,Glass U-Factor [W/m2-K],Glass SHGC,Glass Visible Transmittance,NFRC Product Type,Assembly U-Factor [W/m2-K],Assembly SHGC,Assembly Visible Transmittance
,None,,,,,,,,


Interior Fenestration

,,Construction,Area of One Opening [m2],Area of Openings [m2],Glass U-Factor [W/m2-K],Glass SHGC,Glass Visible Transmittance,Parent Surface
,Total or Average,,,0.00,-,-,-,


Exterior Door

,,Construction,U-Factor with Film [W/m2-K],U-Factor no Film [W/m2-K],Gross Area [m2],Parent Surface
,189_WALL_3_0_0_1_0_0_DOOR,DOOR-CONST,2.995,5.429,2.19,189_WALL_3_0_0
,189_WALL_5_0_0_1_0_0_DOOR,DOOR-CONST,2.995,5.429,1.93,189_WALL_5_0_0


Interior Door

,,Construction,U-Factor with Film [W/m2-K],U-Factor no Film [W/m2-K],Gross Area [m2],Parent Surface
,None,,,,,


----------------------------------------------------------------------------------------------------
REPORT:,Lighting Summary
FOR:,Entire Facility
Interior Lighting

,,Zone Name,Space Name,Space Type,Lighting Power Density [W/m2],Space Area [m2],Total Power [W],End Use Subcategory,Schedule Name,Scheduled Hours/Week [hr],Hours/Week > 1% [hr],Full Load Hours/Week [hr],Return Air Fraction,Conditioned (Y/N),Consumption [kWh]
,189 GENERAL LIGHTING,LIVING_UNIT,LIVING SPACE,GENERAL,15.0000,79.20,1188.00,ELECTRIC EQUIPMENT#189#GeneralLights,LIGHTING SCH,54.69,168.00,54.69,0.0000,Y,3387.64
,Interior Lighting Total,,,,15.0000,79.20,1188.00,,,,,,,,3387.64


Daylighting

,,Zone,Control Name,Daylighting Method,Control Type,Fraction Controlled,Lighting Installed in Zone [W],Lighting Controlled [W]
,None,,,,,,,


Exterior Lighting

,,Total Watts,Astronomical Clock/Schedule,Schedule Name,Scheduled Hours/Week [hr],Hours/Week > 1% [hr],Full Load Hours/Week [hr],Consumption [kWh]
,Exterior Lighting Total,0.00,,,,,,0.00


----------------------------------------------------------------------------------------------------
REPORT:,Equipment Summary
FOR:,Entire Facility
Central Plant

,,Type,Reference Capacity [W],Reference Efficiency [W/W],Rated Capacity [W],Rated Efficiency [W/W],IPLV in SI Units [W/W],IPLV in IP Units [Btu/W-h]
,BOILER HOT WATER 1,Boiler:HotWater,6385.51,0.78,,,,


Cooling Coils

,,Type,Design Coil Load [W],Nominal Total Capacity [W],Nominal Sensible Capacity [W],Nominal Latent Capacity [W],Nominal Sensible Heat Ratio,Nominal Efficiency [W/W],Nominal Coil UA Value [W/C],Nominal Coil Surface Area [m2]
,None,,,,,,,,,


DX Cooling Coil Standard Ratings 2017

,,Cooling Coil Type #1,Standard Rated Net Cooling Capacity [W] #2,Standard Rated Net COP [W/W] #2,EER [Btu/W-h] #2,SEER User [Btu/W-h] #2,3,SEER Standard [Btu/W-h] #2,3,IEER [Btu/W-h] #2
,None,,,,,,,


DX Cooling Coil Standard Ratings 2023

,,Cooling Coil Type #1,Standard Rated Net Cooling Capacity [W] #2,Standard Rated Net COP [W/W] #2,4,EER [Btu/W-h] #2,4,SEER User [Btu/W-h] #2,3,SEER Standard [Btu/W-h] #2,3,IEER [Btu/W-h] #2
,None,,,,,,,


DX Cooling Coil ASHRAE 127 Standard Ratings Report

,,DX Cooling Coil Type,Rated Net Cooling Capacity Test A [W],Rated Electric Power Test A [W],Rated Net Cooling Capacity Test B [W],Rated Electric Power Test B [W],Rated Net Cooling Capacity Test C [W],Rated Electric Power Test C [W],Rated Net Cooling Capacity Test D [W],Rated Electric Power Test D [W]
,None,,,,,,,,,


Water-to-Air Heat Pumps at Rated Temperatures Report

,,Coil Type,Rated Total Capacity [W],Rated Sensible Capacity [W],Rated Power[W],Rated COP [W/W],Rated Air Dry-bulb Temperature [C],Rated Air Wet-bulb Temperature [C],Rated Water Temperature [C],Design Day used for Sizing
,None,,,,,,,,,


DX Heating Coils

,,DX Heating Coil Type,High Temperature Heating (net) Rating Capacity [W],Low Temperature Heating (net) Rating Capacity [W],HSPF [Btu/W-h],Region Number,Minimum Outdoor Dry-Bulb Temperature for Compressor Operation,Airloop Name
,HPWHSCHEDULEDDXCOIL,,,,,,0.00,N/A


DX Heating Coils [ HSPF2 ]

,,DX Heating Coil Type,High Temperature Heating (net) Rating Capacity [W],Low Temperature Heating (net) Rating Capacity [W],HSPF2 [Btu/W-h],Region Number
,None,,,,,


Heating Coils

,,Type,Design Coil Load [W],Nominal Total Capacity [W],Nominal Efficiency [W/W],Used as Supplementary Heat,Airloop Name,Plantloop Name
,HPWHSCHEDULEDDXCOIL,Coil:WaterHeating:AirToWaterHeatPump:Pumped,,2737.02,3.20,No,N/A,N/A
Nominal values are gross at rated conditions, i.e., the supply air fan heat and electric power NOT accounted for.


Fans

,,Type,Total Efficiency [W/W],Delta Pressure [pa],Max Air Flow Rate [m3/s],Rated Electricity Rate [W],Rated Power Per Max Air Flow Rate [W-s/m3],Motor Heat In Air Fraction,Fan Energy Index,End Use Subcategory,Design Day Name for Fan Sizing Peak,Date/Time for Fan Sizing Peak,Purpose,Is Autosized,Motor Efficiency,Motor Heat to Zone Fraction,Airloop Name
,HPWHSCHEDULEDFAN,Fan:SystemModel,0.70,100.00,0.27,38.36,142.86,1.00,5.57,General,,,N/A,No,0.90,1.00,N/A


Pumps

,,Type,Control,Head [pa],Water Flow [m3/s],Electricity Rate [W],Power Per Water Flow Rate [W-s/m3],Motor Efficiency [W/W],End Use Subcategory,Is Autosized,Plantloop Name,Plantloop Branch Name
,PUMP VARIABLE SPEED 1,Pump:VariableSpeed,Intermittent,179352.00,0.000141,36.04,255487.18,0.90,General,Yes,HOT WATER LOOP,HOT WATER LOOP SUPPLY INLET BRANCH
,MAINS PRESSURE_UNIT1,Pump:VariableSpeed,Intermittent,1.00,0.000494,0.00,0.00,1.00,General,Yes,DHW LOOP_UNIT1,MAINS INLET BRANCH_UNIT1


Service Water Heating

,,Type,Storage Volume [m3],Input [W],Thermal Efficiency [W/W],Recovery Efficiency [W/W],Energy Factor
,SCHEDULEDHEATPUMPWATERHEATER,WaterHeater:HeatPump:PumpedCondenser,0.38,3275.08,0.95,2.58,2.20


Chillers

,,Type,Reference Capacity[W],TypeReference Efficiency [W/W],Rated Capacity [W],Rated Efficiency [W/W],IPLV in SI Units [W/W],IPLV in IP Units [Btu/W-h],Minimum Part Load Ratio,Fuel Type,Rated Entering Condenser Temperature [C],Rated Leaving Evaporator Temperature [C],Reference Entering Condenser Temperature [C],Reference Leaving Evaporator Temperature [C],Design Size Reference Chilled Water Flow Rate [kg/s],Design Size Reference Condenser Fluid Flow Rate [kg/s],Plantloop Name,Plantloop Branch Name,Condenser Loop Name,Condenser Loop Branch Name,Heat Recovery Plantloop Name,Heat Recovery Plantloop Branch Name,Recovery Relative Capacity Fraction
,None,,,,,,,,,,,,,,,,,,,,,,


Boilers

,,Type,Reference Capacity [W],Reference Efficiency[W/W],Rated Capacity [W],Rated Efficiency [W/W],Minimum Part Load Ratio,Fuel Type,Parasitic Electric Load [W],Plantloop Name,Plantloop Branch Name
,BOILER HOT WATER 1,Boiler:HotWater,6385.51,0.78,6385.51,0.78,0.00,NaturalGas,0.00,HOT WATER LOOP,HOT WATER LOOP SUPPLY BRANCH 1


Cooling Towers and Fluid Coolers

,,Type,Fluid Type,Range [C],Approach [C],Design Fan Power [W],Design Inlet Air Wet-Bulb Temperature [C],Design Water Flow Rate [m3/s],Leaving Water Setpoint Temperature [C],Condenser Loop Name,Condenser Loop Branch Name
,None,,,,,,,,,,


PlantLoop or CondenserLoop

,,Type,Provides Heating,Provides Cooling,Maximum Loop Flow Rate [m3/s],Minimum Loop Flow Rate [m3/s]
,HOT WATER LOOP,PlantLoop,Yes,Yes,0.00,0.00
,DHW LOOP_UNIT1,PlantLoop,Yes,Yes,0.00,0.00


Air Terminals

,,Zone Name,Minimum Flow [m3/s],Minimum Outdoor Flow [m3/s],Supply Cooling Setpoint [C],Supply Heating Setpoint [C],Heating Capacity [W],Cooling Capacity [W]
,None,,,,,,,


Air Heat Recovery

,,Name,Input object type,Plate/Rotary,Sensible Effectiveness at 100% Heating Air Flow,Sensible Effectiveness at 100% Cooling Air Flow,Latent Effectiveness at 100% Heating Air Flow,Latent Effectiveness at 100% Cooling Air Flow,Exhaust Airflow [kg/s],Outdoor Airflow [kg/s]
,None,,,,,,,,,


----------------------------------------------------------------------------------------------------
REPORT:,HVAC Sizing Summary
FOR:,Entire Facility
Space Sensible Cooling

,,Calculated Design Load [W],User Design Load [W],User Design Load per Area [W/m2],Calculated Design Air Flow [m3/s],User Design Air Flow [m3/s],Design Day Name,Date/Time Of Peak {TIMESTAMP},Thermostat Setpoint Temperature at Peak Load [C],Indoor Temperature at Peak Load [C],Indoor Humidity Ratio at Peak Load [kgWater/kgDryAir],Outdoor Temperature at Peak Load [C],Outdoor Humidity Ratio at Peak Load [kgWater/kgDryAir],Minimum Outdoor Air Flow Rate [m3/s],Heat Gain Rate from DOAS [W]
,None,,,,,,,,,,,,,,
The Design Load is the space sensible load only. It does not include any system effects or ventilation loads.


Zone Sensible Cooling

,,Calculated Design Load [W],User Design Load [W],User Design Load per Area [W/m2],Calculated Design Air Flow [m3/s],User Design Air Flow [m3/s],Design Day Name,Date/Time Of Peak {TIMESTAMP},Thermostat Setpoint Temperature at Peak Load [C],Indoor Temperature at Peak Load [C],Indoor Humidity Ratio at Peak Load [kgWater/kgDryAir],Outdoor Temperature at Peak Load [C],Outdoor Humidity Ratio at Peak Load [kgWater/kgDryAir],Minimum Outdoor Air Flow Rate [m3/s],Heat Gain Rate from DOAS [W]
,LIVING_UNIT,0.0,0.0,0.0,0.0,0.0,N/A,N/A,0.0,0.0,0.0,0.0,0.0,0.0,0.0
The Design Load is the zone sensible load only. It does not include any system effects or ventilation loads.


Space Sensible Heating

,,Calculated Design Load [W],User Design Load [W],User Design Load per Area [W/m2],Calculated Design Air Flow [m3/s],User Design Air Flow [m3/s],Design Day Name,Date/Time Of Peak {TIMESTAMP},Thermostat Setpoint Temperature at Peak Load [C],Indoor Temperature at Peak Load [C],Indoor Humidity Ratio at Peak Load [kgWater/kgDryAir],Outdoor Temperature at Peak Load [C],Outdoor Humidity Ratio at Peak Load [kgWater/kgDryAir],Minimum Outdoor Air Flow Rate [m3/s],Heat Gain Rate from DOAS [W]
,None,,,,,,,,,,,,,,
The Design Load is the space sensible load only. It does not include any system effects or ventilation loads.


Zone Sensible Heating

,,Calculated Design Load [W],User Design Load [W],User Design Load per Area [W/m2],Calculated Design Air Flow [m3/s],User Design Air Flow [m3/s],Design Day Name,Date/Time Of Peak {TIMESTAMP},Thermostat Setpoint Temperature at Peak Load [C],Indoor Temperature at Peak Load [C],Indoor Humidity Ratio at Peak Load [kgWater/kgDryAir],Outdoor Temperature at Peak Load [C],Outdoor Humidity Ratio at Peak Load [kgWater/kgDryAir],Minimum Outdoor Air Flow Rate [m3/s],Heat Gain Rate from DOAS [W]
,LIVING_UNIT,5108.41,6385.51,80.63,0.277,0.346,DEBRECEN ANN HTG 99.6% CONDNS DB,1/21 05:15:00,20.00,20.00,0.00134,-13.80,0.00115,0.000,0.00
The Design Load is the zone sensible load only. It does not include any system effects or ventilation loads.


System Design Air Flow Rates

,,Calculated cooling [m3/s],User cooling [m3/s],Calculated heating [m3/s],User heating [m3/s],Adjusted cooling [m3/s],Adjusted heating [m3/s],Adjusted main [m3/s],Calculated Heating Air Flow Ratio [],User Heating Air Flow Ratio []
,None,,,,,,,,,


Plant Loop Coincident Design Fluid Flow Rate Adjustments

,,Previous Design Volume Flow Rate [m3/s],Algorithm Volume Flow Rate [m3/s],Coincident Design Volume Flow Rate [m3/s],Coincident Size Adjusted,Peak Sizing Period Name,Peak Day into Period {TIMESTAMP}[day],Peak Hour Of Day {TIMESTAMP}[hr],Peak Step Start Minute {TIMESTAMP}[min]
,None,,,,,,,,


Coil Sizing Summary

,,Coil Type,HVAC Type,HVAC Name,Coil Final Gross Total Capacity [W],Coil Final Gross Sensible Capacity [W],Coil Final Reference Air Volume Flow Rate [m3/s],Coil Final Reference Plant Fluid Volume Flow Rate [m3/s],Coil U-value Times Area Value [W/K],Design Day Name at Sensible Ideal Loads Peak,Date/Time at Sensible Ideal Loads Peak,Design Day Name at Air Flow Ideal Loads Peak,Date/Time at Air Flow Ideal Loads Peak,Coil Total Capacity at Ideal Loads Peak [W],Coil Sensible Capacity at Ideal Loads Peak [W],Coil Air Volume Flow Rate at Ideal Loads Peak [m3/s],Coil Entering Air Drybulb at Ideal Loads Peak [C],Coil Entering Air Wetbulb at Ideal Loads Peak [C],Coil Entering Air Humidity Ratio at Ideal Loads Peak [kgWater/kgDryAir],Coil Leaving Air Drybulb at Ideal Loads Peak [C],Coil Leaving Air Wetbulb at Ideal Loads Peak [C],Coil Leaving Air Humidity Ratio at Ideal Loads Peak [kgWater/kgDryAir],Outdoor Air Drybulb at Ideal Loads Peak [C],Outdoor Air Humidity Ratio at Ideal Loads Peak [kgWater/kgDryAir],Outdoor Air Wetbulb at Ideal Loads Peak [C],Outdoor Air Flow Percentage at Ideal Loads Peak [%],Zone Air Drybulb at Ideal Loads Peak [C],Zone Air Humidity Ratio at Ideal Loads Peak [kgWater/kgDryAir],Zone Air Relative Humidity at Ideal Loads Peak [%],Zone Sensible Heat Gain at Ideal Loads Peak [W],Zone Latent Heat Gain at Ideal Loads Peak [W],Coil Total Capacity at Rating Conditions [W],Coil Sensible Capacity at Rating Conditions [W]
,HPWHSCHEDULEDDXCOIL,Coil:WaterHeating:AirToWaterHeatPump:Pumped,unknown,unknown,2046.912,1506.527,0.268500,-999.0,-999.000,unknown,unknown,unknown,unknown,2737.02,-999.00,-999.0,-999.00,-999.00,-999.0,-999.00,-999.00,-999.0,-999.00,-999.0,-999.00,-999.0000,-999.00,-999.0,-999.0000,-999.00,0.00,-999.00,-999.00


----------------------------------------------------------------------------------------------------
REPORT:,System Summary
FOR:,Entire Facility
Economizer

,,High Limit Shutoff Control,Minimum Outdoor Air [m3/s],Maximum Outdoor Air [m3/s],Return Air Temp Limit,Return Air Enthalpy Limit,Outdoor Air Temperature Limit [C],Outdoor Air Enthalpy Limit [C]
,None,,,,,,,


Demand Controlled Ventilation using Controller:MechanicalVentilation

,,Controller:MechanicalVentilation Name,Outdoor Air Per Person [m3/s-person],Outdoor Air Per Area [m3/s-m2],Outdoor Air Per Zone [m3/s],Outdoor Air ACH [ach],Outdoor Air Method,Outdoor Air Schedule Name,Air Distribution Effectiveness in Cooling Mode,Air Distribution Effectiveness in Heating Mode,Air Distribution Effectiveness Schedule Name
,None,,,,,,,,,,


Time Not Comfortable Based on Simple ASHRAE 55-2004

,,Winter Clothes [hr],Summer Clothes [hr],Summer or Winter Clothes [hr]
,LIVING_UNIT,7499.00,8073.75,6975.25
,ATTIC,0.00,0.00,0.00
,Facility,7499.00,8073.75,6975.25
Aggregated over the RunPeriods for Weather


Time Setpoint Not Met

,,During Heating [hr],During Cooling [hr],During Occupied Heating [hr],During Occupied Cooling [hr]
,LIVING_UNIT,3.75,0.00,3.75,0.00
,ATTIC,0.00,0.00,0.00,0.00
,Facility,3.75,0.00,3.75,0.00
Aggregated over the RunPeriods for Weather


----------------------------------------------------------------------------------------------------
REPORT:,Outdoor Air Summary
FOR:,Entire Facility
Average Outdoor Air During Occupied Hours

,,Average Number of Occupants,Nominal Number of Occupants,Zone Volume [m3],Mechanical Ventilation [ach],Infiltration [ach],AFN Infiltration [ach],Simple Ventilation [ach]
,LIVING_UNIT,1.10,1.58,217.80,0.000,0.740,0.000,0.000
Values shown for a single zone without multipliers


Minimum Outdoor Air During Occupied Hours

,,Average Number of Occupants,Nominal Number of Occupants,Zone Volume [m3],Mechanical Ventilation [ach],Infiltration [ach],AFN Infiltration [ach],Simple Ventilation [ach]
,LIVING_UNIT,1.10,1.58,217.80,0.000,0.036,0.000,0.000
Values shown for a single zone without multipliers


----------------------------------------------------------------------------------------------------
REPORT:,Object Count Summary
FOR:,Entire Facility
Surfaces by Class

,,Total,Outdoors
,Wall,6,6
,Floor,2,1
,Roof,3,2
,Internal Mass,0,0
,Building Detached Shading,0,0
,Fixed Detached Shading,0,0
,Window,4,4
,Door,2,2
,Glass Door,0,0
,Shading,0,0
,Overhang,0,0
,Fin,0,0
,Tubular Daylighting Device Dome,0,0
,Tubular Daylighting Device Diffuser,0,0


HVAC

,,Count
,HVAC Air Loops,0
,Conditioned Zones,1
,Unconditioned Zones,1
,Supply Plenums,0
,Return Plenums,0


Input Fields

,,Count
,IDF Objects,265
,Defaulted Fields,120
,Fields with Defaults,1059
,Autosized Fields,14
,Autosizable Fields,20
,Autocalculated Fields,45
,Autocalculatable Fields,53


----------------------------------------------------------------------------------------------------
REPORT:,Sensible Heat Gain Summary
FOR:,Entire Facility
Annual Building Sensible Heat Gain Components

,,HVAC Zone Eq & Other Sensible Air Heating [kWh],HVAC Zone Eq & Other Sensible Air Cooling [kWh],HVAC Terminal Unit Sensible Air Heating [kWh],HVAC Terminal Unit Sensible Air Cooling [kWh],HVAC Input Heated Surface Heating [kWh],HVAC Input Cooled Surface Cooling [kWh],People Sensible Heat Addition [kWh],Lights Sensible Heat Addition [kWh],Equipment Sensible Heat Addition [kWh],Window Heat Addition [kWh],Interzone Air Transfer Heat Addition [kWh],Infiltration Heat Addition [kWh],Opaque Surface Conduction and Other Heat Addition [kWh],Equipment Sensible Heat Removal [kWh],Window Heat Removal [kWh],Interzone Air Transfer Heat Removal [kWh],Infiltration Heat Removal [kWh],Opaque Surface Conduction and Other Heat Removal [kWh]
,LIVING_UNIT,3427.588,0.000,0.000,0.000,0.000,0.000,535.168,3387.659,14113.330,32875.805,0.000,0.000,22.097,0.000,-33895.91,0.000,-7463.32,-12980.32
,ATTIC,0.000,0.000,0.000,0.000,0.000,0.000,0.000,0.000,0.000,0.000,0.000,5.903,584.792,0.000,0.000,0.000,-590.70,-0.01
,Total Facility,3427.588,0.000,0.000,0.000,0.000,0.000,535.168,3387.659,14113.330,32875.805,0.000,5.903,606.889,0.000,-33895.91,0.000,-8054.02,-12980.32


Peak Cooling Sensible Heat Gain Components

,,Time of Peak {TIMESTAMP},HVAC Zone Eq & Other Sensible Air Heating [W],HVAC Zone Eq & Other Sensible Air Cooling [W],HVAC Terminal Unit Sensible Air Heating [W],HVAC Terminal Unit Sensible Air Cooling [W],HVAC Input Heated Surface Heating [W],HVAC Input Cooled Surface Cooling [W],People Sensible Heat Addition [W],Lights Sensible Heat Addition [W],Equipment Sensible Heat Addition [W],Window Heat Addition [W],Interzone Air Transfer Heat Addition [W],Infiltration Heat Addition [W],Opaque Surface Conduction and Other Heat Addition [W],Equipment Sensible Heat Removal [W],Window Heat Removal [W],Interzone Air Transfer Heat Removal [W],Infiltration Heat Removal [W],Opaque Surface Conduction and Other Heat Removal [W]
,LIVING_UNIT,-,0.00,0.00,0.00,0.00,0.00,0.00,0.00,0.00,0.00,0.00,0.00,0.00,0.00,0.00,0.00,0.00,0.00,0.00
,ATTIC,-,0.00,0.00,0.00,0.00,0.00,0.00,0.00,0.00,0.00,0.00,0.00,0.00,0.00,0.00,0.00,0.00,0.00,0.00
,Total Facility,-,0.00,0.00,0.00,0.00,0.00,0.00,0.00,0.00,0.00,0.00,0.00,0.00,0.00,0.00,0.00,0.00,0.00,0.00


Peak Heating Sensible Heat Gain Components

,,Time of Peak {TIMESTAMP},HVAC Zone Eq & Other Sensible Air Heating [W],HVAC Zone Eq & Other Sensible Air Cooling [W],HVAC Terminal Unit Sensible Air Heating [W],HVAC Terminal Unit Sensible Air Cooling [W],HVAC Input Heated Surface Heating [W],HVAC Input Cooled Surface Cooling [W],People Sensible Heat Addition [W],Lights Sensible Heat Addition [W],Equipment Sensible Heat Addition [W],Window Heat Addition [W],Interzone Air Transfer Heat Addition [W],Infiltration Heat Addition [W],Opaque Surface Conduction and Other Heat Addition [W],Equipment Sensible Heat Removal [W],Window Heat Removal [W],Interzone Air Transfer Heat Removal [W],Infiltration Heat Removal [W],Opaque Surface Conduction and Other Heat Removal [W]
,LIVING_UNIT,01-FEB-06:15,3239.99,0.00,0.00,0.00,0.00,0.00,144.30,519.75,1533.16,0.00,0.00,0.00,5074.59,0.00,-8119.97,0.00,-2391.82,0.00
,ATTIC,-,0.00,0.00,0.00,0.00,0.00,0.00,0.00,0.00,0.00,0.00,0.00,0.00,0.00,0.00,0.00,0.00,0.00,0.00
,Total Facility,01-FEB-06:15,3239.99,0.00,0.00,0.00,0.00,0.00,144.30,519.75,1533.16,0.00,0.00,0.00,5222.41,0.00,-8119.97,0.00,-2539.64,0.00


----------------------------------------------------------------------------------------------------
REPORT:,Standard 62.1 Summary
FOR:,Entire Facility
System Ventilation Requirements for Cooling

,,Sum of Zone Primary Air Flow - Vpz-sum [m3/s],System Population - Ps,Sum of Zone Population - Pz-sum,Occupant Diversity - D,Origin of D,Uncorrected Outdoor Air Intake Airflow - Vou [m3/s],System Primary Airflow - Vps [m3/s],Average Outdoor Air Fraction - Xs,System Ventilation Efficiency - Ev,Calculation Method for Ev,Outdoor Air Intake Flow - Vot [m3/s],Percent Outdoor Air - %OA,Environment Name of Peak System Population - Ps,Date and Time of Last Peak System Population - Ps
,None,,,,,,,,,,,,,,


System Ventilation Requirements for Heating

,,Sum of Zone Primary Air Flow - Vpz-sum [m3/s],System Population - Ps,Sum of Zone Population - Pz-sum,Occupant Diversity - D,Origin of D,Uncorrected Outdoor Air Intake Airflow - Vou [m3/s],System Primary Airflow - Vps [m3/s],Average Outdoor Air Fraction - Xs,System Ventilation Efficiency - Ev,Calculation Method for Ev,Outdoor Air Intake Flow Vot [m3/s],Percent Outdoor Air - %OA,Environment Name of Peak System Population - Ps,Date and Time of Last Peak System Population - Ps
,None,,,,,,,,,,,,,,


Zone Ventilation Parameters

,,AirLoop Name,People Outdoor Air Rate - Rp [m3/s-person],Zone Population - Pz,Area Outdoor Air Rate - Ra [m3/s-m2],Zone Floor Area - Az [m2],Breathing Zone Outdoor Airflow - Vbz [m3/s],Cooling Zone Air Distribution Effectiveness - Ez-clg,Cooling Zone Outdoor Airflow - Voz-clg [m3/s],Heating Zone Air Distribution Effectiveness - Ez-htg,Heating Zone Outdoor Airflow - Voz-htg [m3/s]
,None,,,,,,,,,,


System Ventilation Parameters

,,People Outdoor Air Rate - Rp [m3/s-person],Sum of Zone Population - Pz-sum,Area Outdoor Air Rate - Ra [m3/s-m2],Sum of Zone Floor Area - Az-sum [m2],Breathing Zone Outdoor Airflow - Vbz [m3/s],Cooling Zone Outdoor Airflow - Voz-clg [m3/s],Heating Zone Outdoor Airflow - Voz-htg [m3/s]
,None,,,,,,,


Zone Ventilation Calculations for Cooling Design

,,AirLoop Name,Box Type,Zone Primary Airflow - Vpz [m3/s],Zone Discharge Airflow - Vdz [m3/s],Minimum Zone Primary Airflow - Vpz-min [m3/s],Is Vpz-min calculated using the Standard 62.1 Simplified Procedure?,Zone Outdoor Airflow Cooling - Voz-clg [m3/s],Primary Outdoor Air Fraction - Zpz,Primary Air Fraction - Ep,Secondary Recirculation Fraction- Er,Supply Air Fraction- Fa,Mixed Air Fraction - Fb,Outdoor Air Fraction - Fc,Zone Ventilation Efficiency - Evz
,None,,,,,,,,,,,,,,


System Ventilation Calculations for Cooling Design

,,Sum of Zone Primary Airflow - Vpz-sum [m3/s],System Primary Airflow - Vps [m3/s],Sum of Zone Discharge Airflow - Vdz-sum [m3/s],Sum of Min Zone Primary Airflow - Vpz-min [m3/s],Zone Outdoor Airflow Cooling - Voz-clg [m3/s],Zone Ventilation Efficiency - Evz-min
,None,,,,,,


Zone Ventilation Calculations for Heating Design

,,AirLoop Name,Box Type,Zone Primary Airflow - Vpz [m3/s],Zone Discharge Airflow - Vdz [m3/s],Minimum Zone Primary Airflow - Vpz-min [m3/s],Is Vpz-min calculated using the Standard 62.1 Simplified Procedure?,Zone Outdoor Airflow Heating - Voz-htg [m3/s],Primary Outdoor Air Fraction - Zpz,Primary Air Fraction - Ep,Secondary Recirculation Fraction- Er,Supply Air Fraction- Fa,Mixed Air Fraction - Fb,Outdoor Air Fraction - Fc,Zone Ventilation Efficiency - Evz
,None,,,,,,,,,,,,,,


System Ventilation Calculations for Heating Design

,,Sum of Zone Primary Airflow - Vpz-sum [m3/s],System Primary Airflow - Vps [m3/s],Sum of Zone Discharge Airflow - Vdz-sum [m3/s],Sum of Min Zone Primary Airflow - Vpz-min [m3/s],Zone Outdoor Airflow Heating - Voz-htg [m3/s],Zone Ventilation Efficiency - Evz-min
,None,,,,,,


